DBN,School Name,Borough,zipcode,Primary_Address_Line_1,City,State_Code,highschool_graduation_rate,Borough_Highschool_graduation_rate,College Enrollment Rate,Borough College Enrollment Rate,has_data,Median income,IsExceedingBoroughHighSchoolGraduationRate,IsExceedingBoroughCollegeEnrollmentRate,Latitude,Longitude,Address
01M292,Henry Street School for International Studies,Manhattan,10002,220 HENRY STREET, MANHATTAN,NY,43.0,70,41.0,53,True,40045,False,False,40.7134455,-73.9860332,"220 HENRY STREET,  MANHATTAN, NY"
01M448,University Neighborhood High School,Manhattan,10002,200 MONROE STREET, MANHATTAN,NY,80.0,70,52.0,53,True,40045,True,False,40.7123543,-73.9840589,"200 MONROE STREET,  MANHATTAN, NY"
01M450,East Side Community School,Manhattan,10009,420 EAST 12 STREET, MANHATTAN,NY,82.0,70,69.0,53,True,71135,True,True,40.7290533,-73.98250279999999,"420 EAST 12 STREET,  MANHATTAN, NY"
01M509,Marta Valle High School,Manhattan,10002,145 STANTON STREET, MANHATTAN,NY,48.0,70,26.0,53,True,40045,False,False,40.720088,-73.9860332,"145 STANTON STREET,  MANHATTAN, NY"
01M539,"New Explorations into Science, Technology and Math High School",Manhattan,10002,111 COLUMBIA STREET, MANHATTAN,NY,95.0,70,89.0,53,True,40045,True,True,40.7186807,-73.97952269999999,"111 COLUMBIA STREET,  MANHATTAN, NY"
01M696,Bard High School Early College,Manhattan,10002,525 EAST HOUSTON STREET, MANHATTAN,NY,100.0,70,93.0,53,True,40045,True,True,40.7180919,-73.97607459999999,"525 EAST HOUSTON STREET,  MANHATTAN, NY"
02M047,47 The American Sign Language and English Secondary School,Manhattan,10010,223 EAST 23 STREET, MANHATTAN,NY,69.0,70,62.0,53,True,229709,False,True,40.7387769,-73.9814014,"223 EAST 23 STREET,  MANHATTAN, NY"
02M288,Food and Finance High School,Manhattan,10019,525 WEST 50TH STREET, MANHATTAN,NY,77.0,70,49.0,53,True,176972,True,False,40.76563840000001,-73.9931036,"525 WEST 50TH STREET,  MANHATTAN, NY"
02M294,Essex Street Academy,Manhattan,10002,350 GRAND STREET, MANHATTAN,NY,71.0,70,40.0,53,True,40045,True,False,40.7173452,-73.9892929,"350 GRAND STREET,  MANHATTAN, NY"
02M296,High School of Hospitality Management,Manhattan,10019,525 WEST 50TH STREET, MANHATTAN,NY,73.0,70,47.0,53,True,176972,True,False,40.76563840000001,-73.9931036,"525 WEST 50TH STREET,  MANHATTAN, NY"
02M298,Pace High School,Manhattan,10002,100 HESTER STREET, MANHATTAN,NY,94.0,70,68.0,53,True,40045,True,True,40.7161943,-73.9933849,"100 HESTER STREET,  MANHATTAN, NY"
02M300,"Urban Assembly School of Design and Construction, The",Manhattan,10019,525 WEST 50TH STREET, MANHATTAN,NY,65.0,70,43.0,53,True,176972,False,False,40.76563840000001,-73.9931036,"525 WEST 50TH STREET,  MANHATTAN, NY"
02M303,"Facing History School, The",Manhattan,10019,525 WEST 50TH STREET, MANHATTAN,NY,72.0,70,49.0,53,True,176972,True,False,40.76563840000001,-73.9931036,"525 WEST 50TH STREET,  MANHATTAN, NY"
02M305,"Urban Assembly Academy of Government and Law, The",Manhattan,10002,350 GRAND STREET, MANHATTAN,NY,87.0,70,69.0,53,True,40045,True,True,40.7173452,-73.9892929,"350 GRAND STREET,  MANHATTAN, NY"
02M308,Lower Manhattan Arts Academy,Manhattan,10002,350 GRAND STREET, MANHATTAN,NY,72.0,70,61.0,53,True,40045,True,True,40.7173452,-73.9892929,"350 GRAND STREET,  MANHATTAN, NY"
02M316,"Urban Assembly School of Business for Young Women, the",Manhattan,10004,26 BROADWAY, MANHATTAN,NY,77.0,70,62.0,53,True,205202,True,True,40.7055092,-74.0131178,"26 BROADWAY,  MANHATTAN, NY"
02M374,Gramercy Arts High School,Manhattan,10003,40 IRVING PLACE, MANHATTAN,NY,74.0,70,54.0,53,True,183787,True,True,40.73518079999999,-73.9870892,"40 IRVING PLACE,  MANHATTAN, NY"
02M376,NYC iSchool,Manhattan,10013,131 AVENUE OF THE AMERICAS, MANHATTAN,NY,96.0,70,78.0,53,True,163951,True,True,40.7246823,-74.0050859,"131 AVENUE OF THE AMERICAS,  MANHATTAN, NY"
02M392,MANHATTAN BUSINESS ACADEMY,Manhattan,10011,351 WEST 18 STREET, MANHATTAN,NY,84.0,70,64.0,53,True,249545,True,True,40.7432281,-74.002426,"351 WEST 18 STREET,  MANHATTAN, NY"
02M393,BUSINESS OF SPORTS SCHOOL,Manhattan,10019,439 WEST 49TH STREET, MANHATTAN,NY,66.0,70,48.0,53,True,176972,False,False,40.76399929999999,-73.9908346,"439 WEST 49TH STREET,  MANHATTAN, NY"
02M399,THE HIGH SCHOOL FOR LANGUAGE AND DIPLOMACY,Manhattan,10003,40 IRVING PLACE, MANHATTAN,NY,56.0,70,51.0,53,True,183787,False,False,40.73518079999999,-73.9870892,"40 IRVING PLACE,  MANHATTAN, NY"
02M400,High School for Environmental Studies,Manhattan,10019,444 WEST 56 STREET, MANHATTAN,NY,84.0,70,70.0,53,True,176972,True,True,40.7677451,-73.98809920000001,"444 WEST 56 STREET,  MANHATTAN, NY"
02M407,Institute for Collaborative Education,Manhattan,10003,345 EAST 15TH STREET, MANHATTAN,NY,90.0,70,84.0,53,True,183787,True,True,40.732689,-73.98258969999999,"345 EAST 15TH STREET,  MANHATTAN, NY"
02M408,Professional Performing Arts High School,Manhattan,10036,328 WEST 48 STREET, MANHATTAN,NY,94.0,70,66.0,53,True,112342,True,True,40.761226,-73.9886092,"328 WEST 48 STREET,  MANHATTAN, NY"
02M411,Baruch College Campus High School,Manhattan,10010,55 EAST 25 STREET, MANHATTAN,NY,100.0,70,97.0,53,True,229709,True,True,40.741968,-73.98589919999999,"55 EAST 25 STREET,  MANHATTAN, NY"
02M412,N.Y.C. Lab School for Collaborative Studies,Manhattan,10011,333 WEST 17 STREET, MANHATTAN,NY,96.0,70,79.0,53,True,249545,True,True,40.74250989999999,-74.0022418,"333 WEST 17 STREET,  MANHATTAN, NY"
02M413,School of the Future High School,Manhattan,10010,127 EAST 22 STREET, MANHATTAN,NY,91.0,70,78.0,53,True,229709,True,True,40.7391109,-73.9853486,"127 EAST 22 STREET,  MANHATTAN, NY"
02M414,N.Y.C. Museum School,Manhattan,10011,333 WEST 17 STREET, MANHATTAN,NY,97.0,70,81.0,53,True,249545,True,True,40.74250989999999,-74.0022418,"333 WEST 17 STREET,  MANHATTAN, NY"
02M416,Eleanor Roosevelt High School,Manhattan,10021,411 EAST 76 STREET, MANHATTAN,NY,100.0,70,89.0,53,True,240453,True,True,40.7702849,-73.9532948,"411 EAST 76 STREET,  MANHATTAN, NY"
02M418,Millennium High School,Manhattan,10004,75 BROAD STREET, MANHATTAN,NY,99.0,70,88.0,53,True,205202,True,True,40.70473,-74.0114523,"75 BROAD STREET,  MANHATTAN, NY"
02M419,Landmark High School,Manhattan,10011,351 WEST 18 STREET, MANHATTAN,NY,66.0,70,35.0,53,True,249545,False,False,40.7432281,-74.002426,"351 WEST 18 STREET,  MANHATTAN, NY"
02M420,High School for Health Professions and Human Services,Manhattan,10003,345 EAST 15TH STREET, MANHATTAN,NY,90.0,70,76.0,53,True,183787,True,True,40.732689,-73.98258969999999,"345 EAST 15TH STREET,  MANHATTAN, NY"
02M425,Leadership and Public Service High School,Manhattan,10006,90 TRINITY PLACE, MANHATTAN,NY,64.0,70,41.0,53,True,245764,False,False,40.708961,-74.01243099999999,"90 TRINITY PLACE,  MANHATTAN, NY"
02M427,MANHATTAN ACADEMY FOR ARTS & LANGUAGE,Manhattan,10016,111 EAST 33RD STREET, MANHATTAN,NY,49.0,70,50.0,53,True,206816,False,False,40.7463061,-73.9811402,"111 EAST 33RD STREET,  MANHATTAN, NY"
02M437,Hudson High School of Learning Technologies,Manhattan,10011,351 WEST 18 STREET, MANHATTAN,NY,91.0,70,50.0,53,True,249545,True,False,40.7432281,-74.002426,"351 WEST 18 STREET,  MANHATTAN, NY"
02M438,International High School at Union Square,Manhattan,10003,40 IRVING PLACE, MANHATTAN,NY,36.0,70,50.0,53,True,183787,False,False,40.73518079999999,-73.9870892,"40 IRVING PLACE,  MANHATTAN, NY"
02M439,Manhattan Village Academy,Manhattan,10010,43 WEST 22 STREET, MANHATTAN,NY,99.0,70,85.0,53,True,229709,True,True,40.7419328,-73.9922313,"43 WEST 22 STREET,  MANHATTAN, NY"
02M475,Stuyvesant High School,Manhattan,10282,345 CHAMBERS STREET, MANHATTAN,NY,99.0,70,97.0,53,True,250001,True,True,40.7181492,-74.0137623,"345 CHAMBERS STREET,  MANHATTAN, NY"
02M489,High School of Economics and Finance,Manhattan,10006,100 TRINITY PLACE, MANHATTAN,NY,82.0,70,70.0,53,True,245764,True,True,40.70925709999999,-74.0123392,"100 TRINITY PLACE,  MANHATTAN, NY"
02M500,Unity Center for Urban Technologies,Manhattan,10016,111 EAST 33RD STREET, MANHATTAN,NY,68.0,70,28.0,53,True,206816,False,False,40.7463061,-73.9811402,"111 EAST 33RD STREET,  MANHATTAN, NY"
02M520,Murry Bergtraum High School for Business Careers,Manhattan,10038,411 PEARL STREET, MANHATTAN,NY,51.0,70,36.0,53,True,93156,False,False,40.7110316,-74.0013216,"411 PEARL STREET,  MANHATTAN, NY"
02M529,Jacqueline Kennedy Onassis High School,Manhattan,10036,120 WEST 46 STREET, MANHATTAN,NY,61.0,70,45.0,53,True,112342,False,False,40.7576045,-73.9835118,"120 WEST 46 STREET,  MANHATTAN, NY"
02M531,Repertory Company High School for Theatre Arts,Manhattan,10036,123 WEST 43 STREET, MANHATTAN,NY,98.0,70,71.0,53,True,112342,True,True,40.7561203,-73.98445579999999,"123 WEST 43 STREET,  MANHATTAN, NY"
02M542,Manhattan Bridges High School,Manhattan,10019,525 WEST 50TH STREET, MANHATTAN,NY,85.0,70,58.0,53,True,176972,True,True,40.76563840000001,-73.9931036,"525 WEST 50TH STREET,  MANHATTAN, NY"
02M543,New Design High School,Manhattan,10002,350 GRAND STREET, MANHATTAN,NY,82.0,70,47.0,53,True,40045,True,False,40.7173452,-73.9892929,"350 GRAND STREET,  MANHATTAN, NY"
02M545,High School for Dual Language and Asian Studies,Manhattan,10002,350 GRAND STREET, MANHATTAN,NY,96.0,70,83.0,53,True,40045,True,True,40.7173452,-73.9892929,"350 GRAND STREET,  MANHATTAN, NY"
02M551,Urban Assembly New York Harbor School,Manhattan,10004,"10 SOUTH STREET,  SLIP 7", MANHATTAN,NY,76.0,70,51.0,53,True,205202,True,False,40.7012306,-74.0117968,"10 SOUTH STREET,  SLIP 7,  MANHATTAN, NY"
02M580,Richard R. Green High School of Teaching,Manhattan,10004,26 BROADWAY, MANHATTAN,NY,71.0,70,59.0,53,True,205202,True,True,40.7055092,-74.0131178,"26 BROADWAY,  MANHATTAN, NY"
02M600,The High School of Fashion Industries,Manhattan,10011,225 WEST 24 STREET, MANHATTAN,NY,92.0,70,68.0,53,True,249545,True,True,40.7456692,-73.99650369999999,"225 WEST 24 STREET,  MANHATTAN, NY"
02M615,Chelsea Career and Technical Education High School,Manhattan,10013,131 AVENUE OF THE AMERICAS, MANHATTAN,NY,85.0,70,56.0,53,True,163951,True,True,40.7246823,-74.0050859,"131 AVENUE OF THE AMERICAS,  MANHATTAN, NY"
02M630,Art and Design High School,Manhattan,10019,231-249 EAST 56 STREET, MANHATTAN,NY,81.0,70,62.0,53,True,176972,True,True,40.759213,-73.966183,"231-249 EAST 56 STREET,  MANHATTAN, NY"
02M655,Life Sciences Secondary School,Manhattan,10128,320 EAST 96 STREET, MANHATTAN,NY,76.0,70,43.0,53,True,192940,True,False,40.7832167,-73.9460393,"320 EAST 96 STREET,  MANHATTAN, NY"
03M299,"High School for Arts, Imagination and Inquiry",Manhattan,10023,122 AMSTERDAM AVENUE, MANHATTAN,NY,72.0,70,44.0,53,True,228389,True,False,40.7748463,-73.9856659,"122 AMSTERDAM AVENUE,  MANHATTAN, NY"
03M307,"Urban Assembly School for Media Studies, The",Manhattan,10023,122 AMSTERDAM AVENUE, MANHATTAN,NY,67.0,70,41.0,53,True,228389,False,False,40.7748463,-73.9856659,"122 AMSTERDAM AVENUE,  MANHATTAN, NY"
03M402,The Urban Assembly School for Green Careers,Manhattan,10024,145 WEST 84 STREET, MANHATTAN,NY,49.0,70,29.0,53,True,246034,False,False,40.7860105,-73.9740956,"145 WEST 84 STREET,  MANHATTAN, NY"
03M403,The Global Learning Collaborative,Manhattan,10024,145 WEST 84 STREET, MANHATTAN,NY,75.0,70,40.0,53,True,246034,True,False,40.7860105,-73.9740956,"145 WEST 84 STREET,  MANHATTAN, NY"
03M415,Wadleigh Secondary School for the Performing & Visual Arts,Manhattan,10026,215 WEST 114 STREET, MANHATTAN,NY,50.0,70,23.0,53,True,66157,False,False,40.8025744,-73.95414029999999,"215 WEST 114 STREET,  MANHATTAN, NY"
03M417,FRANK McCOURT HIGH SCHOOL,Manhattan,10024,145 WEST 84 STREET, MANHATTAN,NY,95.0,70,50.0,53,True,246034,True,False,40.7860105,-73.9740956,"145 WEST 84 STREET,  MANHATTAN, NY"
03M479,Beacon High School,Manhattan,10023,227-243 WEST 61ST STREET, MANHATTAN,NY,99.0,70,84.0,53,True,228389,True,True,40.7726113,-73.988348,"227-243 WEST 61ST STREET,  MANHATTAN, NY"
03M485,Fiorello H. LaGuardia High School of Music & Art and Performing Arts,Manhattan,10023,100 AMSTERDAM AVENUE, MANHATTAN,NY,99.0,70,80.0,53,True,228389,True,True,40.7741328,-73.9858036,"100 AMSTERDAM AVENUE,  MANHATTAN, NY"
03M492,"High School for Law, Advocacy and Community Justice",Manhattan,10023,122 AMSTERDAM AVENUE, MANHATTAN,NY,72.0,70,48.0,53,True,228389,True,False,40.7748463,-73.9856659,"122 AMSTERDAM AVENUE,  MANHATTAN, NY"
08X320,Pelham Lab High School,Bronx,10461,3000 EAST TREMONT AVENUE, BRONX,NY,61.0,70,39.0,53,True,68066,False,False,40.8398166,-73.83795490000001,"3000 EAST TREMONT AVENUE,  BRONX, NY"
03M494,High School of Arts and Technology,Manhattan,10023,122 AMSTERDAM AVENUE, MANHATTAN,NY,98.0,70,89.0,53,True,228389,True,True,40.7748463,-73.9856659,"122 AMSTERDAM AVENUE,  MANHATTAN, NY"
03M859,Special Music School,Manhattan,10023,129 WEST 67 STREET, MANHATTAN,NY,73.0,70,42.0,53,True,228389,True,False,40.7752559,-73.98298,"129 WEST 67 STREET,  MANHATTAN, NY"
04M372,ESPERANZA PREPARATORY ACADEMY,Manhattan,10029,240 EAST 109 STREET, MANHATTAN,NY,27.0,70,30.0,53,True,39845,False,False,40.792727,-73.9421359,"240 EAST 109 STREET,  MANHATTAN, NY"
04M409,Coalition School for Social Change,Manhattan,10035,2351 1ST AVENUE, MANHATTAN,NY,94.0,70,77.0,53,True,36645,True,True,40.7992798,-73.93391609999999,"2351 1ST AVENUE,  MANHATTAN, NY"
04M435,Manhattan Center for Science and Mathematics,Manhattan,10029,260 PLEASANT AVENUE, MANHATTAN,NY,93.0,70,55.0,53,True,39845,True,True,40.7940949,-73.932745,"260 PLEASANT AVENUE,  MANHATTAN, NY"
04M495,Park East High School,Manhattan,10029,230 EAST 105 STREET, MANHATTAN,NY,98.0,70,77.0,53,True,39845,True,True,40.7902049,-73.9441678,"230 EAST 105 STREET,  MANHATTAN, NY"
04M555,Central Park East High School,Manhattan,10029,1573 MADISON AVENUE, MANHATTAN,NY,100.0,70,97.0,53,True,39845,True,True,40.7936872,-73.9486109,"1573 MADISON AVENUE,  MANHATTAN, NY"
04M610,Young Women's Leadership School,Manhattan,10029,105 EAST 106TH STREET, NEW YORK,NY,70.0,70,33.0,53,True,39845,False,False,40.792935,-73.94716799999999,"105 EAST 106TH STREET,  NEW YORK, NY"
05M157,The Urban Assembly School for Global Commerce,Manhattan,10035,2005 MADISON AVENUE, MANHATTAN,NY,66.0,70,47.0,53,True,36645,False,False,40.80706259999999,-73.9388293,"2005 MADISON AVENUE,  MANHATTAN, NY"
05M304,Mott Hall High School,Manhattan,10030,6 EDGECOMBE AVENUE, MANHATTAN,NY,99.0,70,50.0,53,True,53586,True,False,40.8174596,-73.94714139999999,"6 EDGECOMBE AVENUE,  MANHATTAN, NY"
05M362,Columbia Secondary School,Manhattan,10027,425 WEST 123 STREET, MANHATTAN,NY,45.0,70,46.0,53,True,58680,False,False,40.810687,-73.95606099999999,"425 WEST 123 STREET,  MANHATTAN, NY"
05M367,Academy for Social Action: A College Board School,Manhattan,10027,509 WEST 129 STREET, MANHATTAN,NY,77.0,70,49.0,53,True,58680,True,False,40.8156813,-73.95577449999999,"509 WEST 129 STREET,  MANHATTAN, NY"
05M369,Urban Assembly School for the Performing Arts,Manhattan,10027,509 WEST 129 STREET, MANHATTAN,NY,68.0,70,78.0,53,True,58680,False,True,40.8156813,-73.95577449999999,"509 WEST 129 STREET,  MANHATTAN, NY"
05M499,Frederick Douglass Academy,Manhattan,10039,2581 7TH AVENUE, MANHATTAN,NY,84.0,70,78.0,53,True,44253,True,True,40.8243981,-73.936545,"2581 7TH AVENUE,  MANHATTAN, NY"
05M670,Thurgood Marshall Academy for Learning and Social Change,Manhattan,10030,200-214 WEST 135TH STREET, MANHATTAN,NY,99.0,70,95.0,53,True,53586,True,True,40.8152484,-73.9443203,"200-214 WEST 135TH STREET,  MANHATTAN, NY"
06M211,Inwood Early College for Health and Information Technologies,Manhattan,10034,650 ACADEMY STREET, MANHATTAN,NY,97.0,70,86.0,53,True,56284,True,True,40.8659143,-73.925157,"650 ACADEMY STREET,  MANHATTAN, NY"
06M293,City College Academy of the Arts,Manhattan,10040,4600 BROADWAY, MANHATTAN,NY,62.0,70,48.0,53,True,56530,False,False,40.8608344,-73.9300119,"4600 BROADWAY,  MANHATTAN, NY"
06M346,Community Health Academy of the Heights,Manhattan,10032,504 WEST 158TH STREET, MANHATTAN,NY,78.0,70,58.0,53,True,58919,True,True,40.833638,-73.9422605,"504 WEST 158TH STREET,  MANHATTAN, NY"
06M423,High School for Excellence and Innovation,Manhattan,10034,650 ACADEMY STREET, MANHATTAN,NY,55.0,70,40.0,53,True,56284,False,False,40.8659143,-73.925157,"650 ACADEMY STREET,  MANHATTAN, NY"
06M462,The College Academy,Manhattan,10040,549 AUDUBON AVENUE, MANHATTAN,NY,61.0,70,33.0,53,True,56530,False,False,40.8564966,-73.92606219999999,"549 AUDUBON AVENUE,  MANHATTAN, NY"
06M463,High School for Media and Communications,Manhattan,10040,549 AUDUBON AVENUE, MANHATTAN,NY,69.0,70,50.0,53,True,56530,False,False,40.8564966,-73.92606219999999,"549 AUDUBON AVENUE,  MANHATTAN, NY"
06M467,High School for Law and Public Service,Manhattan,10040,549 AUDUBON AVENUE, MANHATTAN,NY,59.0,70,35.0,53,True,56530,False,False,40.8564966,-73.92606219999999,"549 AUDUBON AVENUE,  MANHATTAN, NY"
06M468,High School for Health Careers and Sciences,Manhattan,10040,549 AUDUBON AVENUE, MANHATTAN,NY,76.0,70,49.0,53,True,56530,True,False,40.8564966,-73.92606219999999,"549 AUDUBON AVENUE,  MANHATTAN, NY"
06M540,A. Philip Randolph Campus High School,Manhattan,10031,443 WEST 135 STREET, MANHATTAN,NY,56.0,70,45.0,53,True,54699,False,False,40.8183388,-73.9501311,"443 WEST 135 STREET,  MANHATTAN, NY"
06M552,Gregorio Luperon High School for Science and Mathematics,Manhattan,10032,501 WEST 165TH, MANHATTAN,NY,87.0,59,51.0,41,True,58919,True,True,40.83846,-73.9386364,"501 WEST 165TH,  MANHATTAN, NY"
07X259,"H.E.R.O. High (Health, Education, and Research Occupations High School)",Bronx,10455,455 SOUTHERN BLVD, BRONX,NY,40.0,59,19.0,41,True,33920,False,False,40.8104034,-73.9073691,"455 SOUTHERN BLVD,  BRONX, NY"
07X334,International Community High School,Bronx,10454,345 BROOK AVENUE, BRONX,NY,63.0,59,46.0,41,True,30076,True,True,40.8101969,-73.91862189999999,"345 BROOK AVENUE,  BRONX, NY"
07X427,Community School for Social Justice,Bronx,10451,350 GERARD AVENUE, BRONX,NY,57.0,59,27.0,41,True,37332,False,False,40.815542,-73.9304433,"350 GERARD AVENUE,  BRONX, NY"
07X473,Mott Haven Village Preparatory High School,Bronx,10455,701 ST. ANNS AVENUE, BRONX,NY,94.0,59,65.0,41,True,33920,True,True,40.8179909,-73.9116769,"701 ST. ANNS AVENUE,  BRONX, NY"
07X495,University Heights Secondary School,Bronx,10455,701 ST. ANNS AVENUE, BRONX,NY,88.0,59,64.0,41,True,33920,True,True,40.8179909,-73.9116769,"701 ST. ANNS AVENUE,  BRONX, NY"
07X500,Hostos-Lincoln Academy of Science,Bronx,10455,600 SAINT ANN'S AVENUE, BRONX,NY,42.0,59,41.0,41,True,33920,False,False,40.8148083,-73.9120169,"600 SAINT ANN'S AVENUE,  BRONX, NY"
07X522,Bronx Design and Construction Academy,Bronx,10451,333 EAST 151 STREET, BRONX,NY,65.0,59,55.0,41,True,37332,True,True,40.8184997,-73.9195405,"333 EAST 151 STREET,  BRONX, NY"
07X527,Bronx Leadership Academy II High School,Bronx,10451,730 CONCOURSE VILLAGE WEST, BRONX,NY,54.0,59,28.0,41,True,37332,False,False,40.8215543,-73.9231229,"730 CONCOURSE VILLAGE WEST,  BRONX, NY"
07X547,New Explorers High School,Bronx,10451,730 CONCOURSE VILLAGE WEST, BRONX,NY,74.0,59,45.0,41,True,37332,True,True,40.8215543,-73.9231229,"730 CONCOURSE VILLAGE WEST,  BRONX, NY"
07X548,Urban Assembly School for Careers in Sports,Bronx,10451,730 CONCOURSE VILLAGE WEST, BRONX,NY,65.0,59,58.0,41,True,37332,True,True,40.8215543,-73.9231229,"730 CONCOURSE VILLAGE WEST,  BRONX, NY"
07X551,The Urban Assembly Bronx Academy of Letters,Bronx,10451,339 MORRIS AVENUE, BRONX,NY,64.0,59,19.0,41,True,37332,True,False,40.81366,-73.92599899999999,"339 MORRIS AVENUE,  BRONX, NY"
07X600,Alfred E. Smith Career and Technical Education High School,Bronx,10451,333 EAST 151 STREET, BRONX,NY,56.0,59,47.0,41,True,37332,False,True,40.8184997,-73.9195405,"333 EAST 151 STREET,  BRONX, NY"
07X670,Health Opportunities High School,Bronx,10451,350 GERARD AVENUE, BRONX,NY,66.0,59,47.0,41,True,37332,True,True,40.815542,-73.9304433,"350 GERARD AVENUE,  BRONX, NY"
08X269,Bronx Studio School for Writers and Artists,Bronx,10459,928 SIMPSON STREET, BRONX,NY,72.0,59,51.0,41,True,35536,True,True,40.8203827,-73.8930381,"928 SIMPSON STREET,  BRONX, NY"
08X282,Women's Academy of Excellence,Bronx,10473,456 WHITE PLAINS ROAD, BRONX,NY,73.0,59,54.0,41,True,51096,True,True,40.814901,-73.8560573,"456 WHITE PLAINS ROAD,  BRONX, NY"
08X293,Renaissance High School for Musical Theater & Technology,Bronx,10461,3000 EAST TREMONT AVENUE, BRONX,NY,70.0,59,30.0,41,True,68066,True,False,40.8398166,-73.83795490000001,"3000 EAST TREMONT AVENUE,  BRONX, NY"
08X305,Pablo Neruda Academy,Bronx,10473,1980 LAFAYETTE AVENUE, BRONX,NY,68.0,59,45.0,41,True,51096,True,True,40.8215141,-73.85541409999999,"1980 LAFAYETTE AVENUE,  BRONX, NY"
08X332,Holcombe L. Rucker School of Community Research,Bronx,10459,965 LONGWOOD AVENUE, BRONX,NY,46.0,59,28.0,41,True,35536,False,False,40.8178276,-73.8978152,"965 LONGWOOD AVENUE,  BRONX, NY"
08X367,"Archimedes Academy for Math, Science and Technology Applications",Bronx,10473,456 WHITE PLAINS ROAD, BRONX,NY,53.0,59,50.0,41,True,51096,False,True,40.814901,-73.8560573,"456 WHITE PLAINS ROAD,  BRONX, NY"
08X376,Antonia Pantoja Preparatory Academy: A College Board School,Bronx,10473,1980 LAFAYETTE AVENUE, BRONX,NY,59.0,59,50.0,41,True,51096,False,True,40.8215141,-73.85541409999999,"1980 LAFAYETTE AVENUE,  BRONX, NY"
08X405,Herbert H. Lehman High School,Bronx,10461,3000 EAST TREMONT AVENUE, BRONX,NY,52.0,59,37.0,41,True,68066,False,False,40.8398166,-73.83795490000001,"3000 EAST TREMONT AVENUE,  BRONX, NY"
08X432,BRONX BRIDGES HIGH SCHOOL,Bronx,10473,1980 LAFAYETTE AVENUE, BRONX,NY,66.0,59,50.0,41,True,51096,True,True,40.8215141,-73.85541409999999,"1980 LAFAYETTE AVENUE,  BRONX, NY"
08X452,Bronx Guild,Bronx,10473,1980 LAFAYETTE AVENUE, BRONX,NY,57.0,59,32.0,41,True,51096,False,False,40.8215141,-73.85541409999999,"1980 LAFAYETTE AVENUE,  BRONX, NY"
08X519,"Felisa Rincon de Gautier Institute for Law and Public Policy, The",Bronx,10473,1440 STORY AVENUE, BRONX,NY,42.0,59,24.0,41,True,51096,False,False,40.8210968,-73.88112679999999,"1440 STORY AVENUE,  BRONX, NY"
08X530,Banana Kelly High School,Bronx,10459,965 LONGWOOD AVENUE, BRONX,NY,40.0,59,22.0,41,True,35536,False,False,40.8178276,-73.8978152,"965 LONGWOOD AVENUE,  BRONX, NY"
09X227,Bronx Collegiate Academy,Bronx,10457,240 EAST 172 STREET, BRONX,NY,55.0,59,34.0,41,True,38096,False,False,40.8398672,-73.9111588,"240 EAST 172 STREET,  BRONX, NY"
09X231,Eagle Academy for Young Men,Bronx,10457,4143 THIRD AVENUE, BRONX,NY,71.0,59,51.0,41,True,38096,True,True,40.845289,-73.8972161,"4143 THIRD AVENUE,  BRONX, NY"
09X241,"Urban Assembly School for Applied Math and Science, The",Bronx,10457,1595 BATHGATE AVENUE, BRONX,NY,76.0,59,69.0,41,True,38096,True,True,40.8394008,-73.9019661,"1595 BATHGATE AVENUE,  BRONX, NY"
09X250,Eximius College Preparatory Academy: A College Board School,Bronx,10456,1363 FULTON AVENUE, BRONX,NY,85.0,59,68.0,41,True,35269,True,True,40.8339721,-73.9027472,"1363 FULTON AVENUE,  BRONX, NY"
09X252,Mott Hall Bronx High School,Bronx,10457,1595 BATHGATE AVENUE, BRONX,NY,69.0,59,69.0,41,True,38096,True,True,40.8394008,-73.9019661,"1595 BATHGATE AVENUE,  BRONX, NY"
09X260,Bronx Center for Science and Mathematics,Bronx,10456,1363 FULTON AVENUE, BRONX,NY,88.0,59,83.0,41,True,35269,True,True,40.8339721,-73.9027472,"1363 FULTON AVENUE,  BRONX, NY"
09X263,Validus Preparatory Academy: An Expeditionary Learning School,Bronx,10457,1595 BATHGATE AVENUE, BRONX,NY,58.0,59,49.0,41,True,38096,False,True,40.8394008,-73.9019661,"1595 BATHGATE AVENUE,  BRONX, NY"
09X276,Leadership Institute,Bronx,10457,1701 FULTON AVENUE, BRONX,NY,41.0,59,25.0,41,True,38096,False,False,40.8411563,-73.8983267,"1701 FULTON AVENUE,  BRONX, NY"
09X297,Morris Academy for Collaborative Studies,Bronx,10456,1110 BOSTON ROAD, BRONX,NY,59.0,59,39.0,41,True,35269,False,False,40.8273033,-73.9045097,"1110 BOSTON ROAD,  BRONX, NY"
09X324,Bronx Early College Academy for Teaching & Learning,Bronx,10456,250 EAST 164 STREET, BRONX,NY,88.0,59,68.0,41,True,35269,True,True,40.8280778,-73.91751959999999,"250 EAST 164 STREET,  BRONX, NY"
09X329,DreamYard Preparatory School,Bronx,10457,240 EAST 172 STREET, BRONX,NY,44.0,59,24.0,41,True,38096,False,False,40.8398672,-73.9111588,"240 EAST 172 STREET,  BRONX, NY"
09X365,Academy for Language and Technology,Bronx,10453,1700 MACOMBS ROAD, BRONX,NY,91.0,59,60.0,41,True,33760,True,True,40.8494924,-73.9156962,"1700 MACOMBS ROAD,  BRONX, NY"
09X403,Bronx International High School,Bronx,10456,1110 BOSTON ROAD, BRONX,NY,68.0,59,33.0,41,True,35269,True,False,40.8273033,-73.9045097,"1110 BOSTON ROAD,  BRONX, NY"
09X404,School for Excellence,Bronx,10456,1110 BOSTON ROAD, BRONX,NY,50.0,59,40.0,41,True,35269,False,False,40.8273033,-73.9045097,"1110 BOSTON ROAD,  BRONX, NY"
09X412,Bronx High School of Business,Bronx,10457,240 EAST 172 STREET, BRONX,NY,45.0,59,23.0,41,True,38096,False,False,40.8398672,-73.9111588,"240 EAST 172 STREET,  BRONX, NY"
09X413,Bronx High School for Medical Science,Bronx,10457,240 EAST 172 STREET, BRONX,NY,83.0,59,69.0,41,True,38096,True,True,40.8398672,-73.9111588,"240 EAST 172 STREET,  BRONX, NY"
09X505,"Bronx School for Law, Government and Justice",Bronx,10451,244 EAST 163 STREET, BRONX,NY,77.0,59,70.0,41,True,37332,True,True,40.827572,-73.9189269,"244 EAST 163 STREET,  BRONX, NY"
09X517,Frederick Douglass Academy III Secondary School,Bronx,10456,3630 THIRD AVENUE, BRONX,NY,72.0,59,32.0,41,True,35269,True,False,40.8338446,-73.9039243,"3630 THIRD AVENUE,  BRONX, NY"
09X525,Bronx Leadership Academy High School,Bronx,10457,1710 WEBSTER AVENUE, BRONX,NY,61.0,59,37.0,41,True,38096,True,False,40.8434287,-73.90310939999999,"1710 WEBSTER AVENUE,  BRONX, NY"
09X543,High School for Violin and Dance,Bronx,10456,1110 BOSTON ROAD, BRONX,NY,62.0,59,30.0,41,True,35269,True,False,40.8273033,-73.9045097,"1110 BOSTON ROAD,  BRONX, NY"
09X568,Young Women's Leadership School of the Bronx,Bronx,10453,1865 MORRIS AVENUE, BRONX,NY,83.0,59,61.0,41,True,33760,True,True,40.8485793,-73.90874579999999,"1865 MORRIS AVENUE,  BRONX, NY"
10X141,Riverdale / Kingsbridge Academy (Middle School / High School 141),Bronx,10463,660 WEST 237 STREET, BRONX,NY,60.0,59,50.0,41,True,66470,True,True,40.8877008,-73.91360499999999,"660 WEST 237 STREET,  BRONX, NY"
10X213,Bronx Engineering and Technology Academy,Bronx,10463,99 TERRACE VIEW AVENUE, BRONX,NY,76.0,59,72.0,41,True,66470,True,True,40.8771416,-73.91268389999999,"99 TERRACE VIEW AVENUE,  BRONX, NY"
10X225,Theatre Arts Production Company School,Bronx,10457,2225 WEBSTER AVENUE, BRONX,NY,68.0,59,53.0,41,True,38096,True,True,40.8546548,-73.8970362,"2225 WEBSTER AVENUE,  BRONX, NY"
10X237,"The Marie Curie School for Medicine, Nursing, and Health Professions",Bronx,10463,120 WEST 231 STREET, BRONX,NY,65.0,59,40.0,41,True,66470,True,False,40.8756546,-73.90162769999999,"120 WEST 231 STREET,  BRONX, NY"
10X264,Bronx Academy for Software Engineering (BASE),Bronx,10458,2474 CROTONA AVENUE, BRONX,NY,57.0,59,40.0,41,True,38624,False,False,40.8554112,-73.8824863,"2474 CROTONA AVENUE,  BRONX, NY"
10X268,Kingsbridge International High School,Bronx,10468,2780 RESERVOIR AVENUE, BRONX,NY,65.0,59,47.0,41,True,41488,True,True,40.8704171,-73.8969711,"2780 RESERVOIR AVENUE,  BRONX, NY"
10X284,Bronx School of Law and Finance,Bronx,10463,99 TERRACE VIEW AVENUE, BRONX,NY,61.0,59,37.0,41,True,66470,True,False,40.8771416,-73.91268389999999,"99 TERRACE VIEW AVENUE,  BRONX, NY"
10X353,World View High School,Bronx,10468,100 WEST MOSHOLU PARKWAY SOUTH, BRONX,NY,90.0,59,58.0,41,True,41488,True,True,40.8812165,-73.8875851,"100 WEST MOSHOLU PARKWAY SOUTH,  BRONX, NY"
10X368,In-Tech Academy (M.S. / High School 368),Bronx,10463,2975 TIBBETT AVENUE, BRONX,NY,83.0,59,63.0,41,True,66470,True,True,40.8790763,-73.91129529999999,"2975 TIBBETT AVENUE,  BRONX, NY"
10X374,Knowledge and Power Preparatory Academy International High School (Kappa),Bronx,10458,500 EAST FORDHAM ROAD, BRONX,NY,72.0,59,39.0,41,True,38624,True,False,40.8594021,-73.88867429999999,"500 EAST FORDHAM ROAD,  BRONX, NY"
10X433,High School for Teaching and the Professions,Bronx,10468,2780 RESERVOIR AVENUE, BRONX,NY,70.0,59,48.0,41,True,41488,True,True,40.8704171,-73.8969711,"2780 RESERVOIR AVENUE,  BRONX, NY"
10X434,Belmont Preparatory High School,Bronx,10458,500 EAST FORDHAM ROAD, BRONX,NY,77.0,59,44.0,41,True,38624,True,True,40.8594021,-73.88867429999999,"500 EAST FORDHAM ROAD,  BRONX, NY"
10X437,Fordham High School for the Arts,Bronx,10458,500 EAST FORDHAM ROAD, BRONX,NY,40.0,59,22.0,41,True,38624,False,False,40.8594021,-73.88867429999999,"500 EAST FORDHAM ROAD,  BRONX, NY"
10X438,Fordham Leadership Academy for Business and Technology,Bronx,10458,500 EAST FORDHAM ROAD, BRONX,NY,75.0,59,41.0,41,True,38624,True,False,40.8594021,-73.88867429999999,"500 EAST FORDHAM ROAD,  BRONX, NY"
10X439,Bronx High School for Law and Community Service,Bronx,10458,500 EAST FORDHAM ROAD, BRONX,NY,45.0,59,39.0,41,True,38624,False,False,40.8594021,-73.88867429999999,"500 EAST FORDHAM ROAD,  BRONX, NY"
10X440,DeWitt Clinton High School,Bronx,10468,100 WEST MOSHOLU PARKWAY SOUTH, BRONX,NY,89.0,59,62.0,41,True,41488,True,True,40.8812165,-73.8875851,"100 WEST MOSHOLU PARKWAY SOUTH,  BRONX, NY"
10X442,"Celia Cruz Bronx High School of Music, The",Bronx,10468,2780 RESERVOIR AVENUE, BRONX,NY,100.0,59,96.0,41,True,41488,True,True,40.8704171,-73.8969711,"2780 RESERVOIR AVENUE,  BRONX, NY"
10X445,Bronx High School of Science,Bronx,10468,75 WEST 205 STREET, BRONX,NY,91.0,59,76.0,41,True,41488,True,True,40.8785082,-73.8908792,"75 WEST 205 STREET,  BRONX, NY"
10X524,Crotona International High School,Bronx,10458,2474 CROTONA AVENUE, BRONX,NY,71.0,59,54.0,41,True,38624,True,True,40.8554112,-73.8824863,"2474 CROTONA AVENUE,  BRONX, NY"
10X546,Bronx Theatre High School,Bronx,10463,99 TERRACE VIEW AVENUE, BRONX,NY,63.0,59,29.0,41,True,66470,True,False,40.8771416,-73.91268389999999,"99 TERRACE VIEW AVENUE,  BRONX, NY"
10X565,High School for Energy and Technology,Bronx,10458,2474 CROTONA AVENUE, BRONX,NY,100.0,59,99.0,41,True,38624,True,True,40.8554112,-73.8824863,"2474 CROTONA AVENUE,  BRONX, NY"
10X696,High School of American Studies at Lehman College,Bronx,10468,2925 GOULDEN AVENUE, BRONX,NY,97.0,59,67.0,41,True,41488,True,True,40.8746754,-73.8950672,"2925 GOULDEN AVENUE,  BRONX, NY"
11X249,Bronx Health Sciences High School,Bronx,10475,750 BAYCHESTER AVENUE, BRONX,NY,62.0,59,18.0,41,True,67383,True,False,40.8748243,-73.8323492,"750 BAYCHESTER AVENUE,  BRONX, NY"
11X253,Bronx High School for Writing and Communication Arts,Bronx,10467,800 EAST GUN HILL ROAD, BRONX,NY,69.0,59,41.0,41,True,46530,True,False,40.8751267,-73.8617246,"800 EAST GUN HILL ROAD,  BRONX, NY"
11X265,Bronx Lab School,Bronx,10467,800 EAST GUN HILL ROAD, BRONX,NY,68.0,59,43.0,41,True,46530,True,True,40.8751267,-73.8617246,"800 EAST GUN HILL ROAD,  BRONX, NY"
11X270,Academy for Scholarship and Entrepreneurship: A College Board School,Bronx,10466,921 EAST 228TH STREET, BRONX,NY,85.0,59,53.0,41,True,67912,True,True,40.8880644,-73.8527494,"921 EAST 228TH STREET,  BRONX, NY"
11X275,High School of Computers and Technology,Bronx,10467,800 EAST GUN HILL ROAD, BRONX,NY,82.0,59,72.0,41,True,46530,True,True,40.8751267,-73.8617246,"800 EAST GUN HILL ROAD,  BRONX, NY"
11X288,Collegiate Institute for Math and Science,Bronx,10469,925 ASTOR AVENUE, BRONX,NY,70.0,59,62.0,41,True,73973,True,True,40.8602833,-73.8603759,"925 ASTOR AVENUE,  BRONX, NY"
11X290,Bronx Academy of Health Careers,Bronx,10467,800 EAST GUN HILL ROAD, BRONX,NY,65.0,59,49.0,41,True,46530,True,True,40.8751267,-73.8617246,"800 EAST GUN HILL ROAD,  BRONX, NY"
11X299,Astor Collegiate Academy,Bronx,10469,925 ASTOR AVENUE, BRONX,NY,57.0,59,34.0,41,True,73973,False,False,40.8602833,-73.8603759,"925 ASTOR AVENUE,  BRONX, NY"
11X418,Bronx High School for the Visual Arts,Bronx,10462,2040 ANTIN PL, BRONX,NY,66.0,59,34.0,41,True,59538,True,False,40.8517412,-73.8644982,"2040 ANTIN PL,  BRONX, NY"
11X509,High School of Language and Innovation,Bronx,10469,925 ASTOR AVENUE, BRONX,NY,75.0,59,72.0,41,True,73973,True,True,40.8602833,-73.8603759,"925 ASTOR AVENUE,  BRONX, NY"
11X513,New World High School,Bronx,10466,921 EAST 228TH STREET, BRONX,NY,72.0,59,34.0,41,True,67912,True,False,40.8880644,-73.8527494,"921 EAST 228TH STREET,  BRONX, NY"
11X514,The Bronxwood Preparatory Academy,Bronx,10466,921 EAST 228TH STREET, BRONX,NY,89.0,59,79.0,41,True,67912,True,True,40.8880644,-73.8527494,"921 EAST 228TH STREET,  BRONX, NY"
11X542,Pelham Preparatory Academy,Bronx,10469,925 ASTOR AVENUE, BRONX,NY,73.0,59,31.0,41,True,73973,True,False,40.8602833,-73.8603759,"925 ASTOR AVENUE,  BRONX, NY"
11X544,High School for Contemporary Arts,Bronx,10467,800 EAST GUN HILL ROAD, BRONX,NY,59.0,59,36.0,41,True,46530,False,False,40.8751267,-73.8617246,"800 EAST GUN HILL ROAD,  BRONX, NY"
11X545,Bronx Aerospace High School,Bronx,10467,800 EAST GUN HILL ROAD, BRONX,NY,80.0,59,50.0,41,True,46530,True,True,40.8751267,-73.8617246,"800 EAST GUN HILL ROAD,  BRONX, NY"
12X242,Mott Hall V,Bronx,10472,1551 EAST 172ND STREET, BRONX,NY,63.0,59,59.0,41,True,38655,True,True,40.8316935,-73.8774638,"1551 EAST 172ND STREET,  BRONX, NY"
12X248,"Metropolitan High School, The",Bronx,10459,1180 REV. J.A. POLITE AVE., BRONX,NY,65.0,59,35.0,41,True,35536,True,False,40.82773299999999,-73.897018,"1180 REV. J.A. POLITE AVE.,  BRONX, NY"
12X251,Explorations Academy,Bronx,10460,1619 BOSTON ROAD, BRONX,NY,89.0,59,43.0,41,True,33282,True,True,40.8363157,-73.8907414,"1619 BOSTON ROAD,  BRONX, NY"
12X267,Bronx Latin,Bronx,10456,800 HOME STREET, BRONX,NY,80.0,59,45.0,41,True,35269,True,True,40.8273875,-73.9008013,"800 HOME STREET,  BRONX, NY"
12X271,East Bronx Academy for the Future,Bronx,10460,1716 SOUTHERN BOULEVARD, BRONX,NY,33.0,59,17.0,41,True,33282,False,False,40.8368071,-73.8877096,"1716 SOUTHERN BOULEVARD,  BRONX, NY"
12X278,Peace and Diversity Academy,Bronx,10459,1180 REV. J.A. POLITE AVE., BRONX,NY,64.0,68,33.0,50,True,35536,False,False,40.82773299999999,-73.897018,"1180 REV. J.A. POLITE AVE.,  BRONX, NY"
12X372,Urban Assembly School for Wildlife Conservation,Bronx,10460,2024 MOHEGAN AVENUE, BRONX,NY,66.0,59,50.0,41,True,33282,True,True,40.8437949,-73.88451529999999,"2024 MOHEGAN AVENUE,  BRONX, NY"
12X388,Pan American International High School at Monroe,Bronx,10472,1300 BOYNTON AVENUE, BRONX,NY,76.0,59,39.0,41,True,38655,True,False,40.8321027,-73.87844580000001,"1300 BOYNTON AVENUE,  BRONX, NY"
12X478,THE CINEMA SCHOOL,Bronx,10472,1551 EAST 172ND STREET, BRONX,NY,90.0,59,68.0,41,True,38655,True,True,40.8316935,-73.8774638,"1551 EAST 172ND STREET,  BRONX, NY"
12X479,Bronx Career and College Preparatory High School,Bronx,10456,800 HOME STREET, BRONX,NY,46.0,59,46.0,41,True,35269,False,True,40.8273875,-73.9008013,"800 HOME STREET,  BRONX, NY"
12X521,The Metropolitan Soundview High School,Bronx,10472,1300 BOYNTON AVENUE, BRONX,NY,63.0,59,25.0,41,True,38655,True,False,40.8321027,-73.87844580000001,"1300 BOYNTON AVENUE,  BRONX, NY"
12X550,High School of World Cultures,Bronx,10472,1300 BOYNTON AVENUE, BRONX,NY,66.0,59,41.0,41,True,38655,True,False,40.8321027,-73.87844580000001,"1300 BOYNTON AVENUE,  BRONX, NY"
12X682,Fannie Lou Hamer Freedom High School,Bronx,10460,1021 JENNINGS STREET, BRONX,NY,62.0,59,41.0,41,True,33282,True,False,40.8311242,-73.88568839999999,"1021 JENNINGS STREET,  BRONX, NY"
12X684,Wings Academy,Bronx,10460,1122 EAST 180 STREET, BRONX,NY,44.0,59,28.0,41,True,33282,False,False,40.8413652,-73.8752636,"1122 EAST 180 STREET,  BRONX, NY"
12X692,Monroe Academy for Visual Arts & Design,Bronx,10472,1300 BOYNTON AVENUE, BRONX,NY,66.0,68,36.0,50,True,38655,False,False,40.8321027,-73.87844580000001,"1300 BOYNTON AVENUE,  BRONX, NY"
13K265,Dr. Susan S. McKinney Secondary School of the Arts,Brooklyn,11205,101 PARK AVENUE, BROOKLYN,NY,60.0,68,32.0,50,True,60319,False,False,40.6967968,-73.9760706,"101 PARK AVENUE,  BROOKLYN, NY"
13K350,Urban Assembly High School of Music and Art,Brooklyn,11201,49 FLATBUSH AVENUE EXTENSION, BROOKLYN,NY,78.0,68,46.0,50,True,176004,True,False,40.6973489,-73.98474759999999,"49 FLATBUSH AVENUE EXTENSION,  BROOKLYN, NY"
13K412,"Brooklyn Community High School of Communication, Arts and Media",Brooklyn,11205,300 WILLOUGHBY AVENUE, BROOKLYN,NY,71.0,68,44.0,50,True,60319,True,False,40.6917732,-73.9584849,"300 WILLOUGHBY AVENUE,  BROOKLYN, NY"
13K419,"Science Skills Center High School for Science, Technology and the Creative Arts",Brooklyn,11201,49 FLATBUSH AVENUE EXTENSION, BROOKLYN,NY,98.0,68,91.0,50,True,176004,True,True,40.6973489,-73.98474759999999,"49 FLATBUSH AVENUE EXTENSION,  BROOKLYN, NY"
13K430,Brooklyn Technical High School,Brooklyn,11217,29 FT GREENE PLACE, BROOKLYN,NY,89.0,68,63.0,50,True,145365,True,True,40.6889184,-73.97648699999999,"29 FT GREENE PLACE,  BROOKLYN, NY"
13K439,Brooklyn International High School,Brooklyn,11201,49 FLATBUSH AVENUE EXTENSION, BROOKLYN,NY,88.0,68,82.0,50,True,176004,True,True,40.6973489,-73.98474759999999,"49 FLATBUSH AVENUE EXTENSION,  BROOKLYN, NY"
13K483,The Urban Assembly School for Law and Justice,Brooklyn,11201,283 ADAMS STREET, BROOKLYN,NY,67.0,68,62.0,50,True,176004,False,True,40.6946321,-73.9884265,"283 ADAMS STREET,  BROOKLYN, NY"
13K499,ACORN Community High School,Brooklyn,11238,561 GRAND AVENUE, BROOKLYN,NY,91.0,68,71.0,50,True,118291,True,True,40.6785204,-73.9617427,"561 GRAND AVENUE,  BROOKLYN, NY"
13K527,Urban Assembly Institute of Math and Science for Young Women,Brooklyn,11201,283 ADAMS STREET, BROOKLYN,NY,98.0,68,79.0,50,True,176004,True,True,40.6946321,-73.9884265,"283 ADAMS STREET,  BROOKLYN, NY"
13K595,Bedford Academy High School,Brooklyn,11216,1119 BEDFORD AVENUE, BROOKLYN,NY,79.0,68,35.0,50,True,79242,True,False,40.6855293,-73.9540295,"1119 BEDFORD AVENUE,  BROOKLYN, NY"
13K605,George Westinghouse Career and Technical Education High School,Brooklyn,11201,105 TECH PLACE, BROOKLYN,NY,95.0,68,79.0,50,True,176004,True,True,40.6955452,-73.985323,"105 TECH PLACE,  BROOKLYN, NY"
13K670,Benjamin Banneker Academy,Brooklyn,11205,71-77 CLINTON AVENUE, BROOKLYN,NY,78.0,68,42.0,50,True,60319,True,False,40.6956408,-73.969318,"71-77 CLINTON AVENUE,  BROOKLYN, NY"
13K674,"City Polytechnic High School of Engineering, Architecture, and Technology",Brooklyn,11201,105 TECH PLACE, BROOKLYN,NY,59.0,68,35.0,50,True,176004,False,False,40.6955452,-73.985323,"105 TECH PLACE,  BROOKLYN, NY"
14K071,Juan Morel Campos Secondary School,Brooklyn,11206,215 HEYWARD STREET, BROOKLYN,NY,20.0,68,10.0,50,True,38430,False,False,40.7039101,-73.9537081,"215 HEYWARD STREET,  BROOKLYN, NY"
14K322,Foundations Academy,Brooklyn,11206,70 TOMPKINS AVENUE, BROOKLYN,NY,99.0,68,97.0,50,True,38430,True,True,40.696622,-73.9472359,"70 TOMPKINS AVENUE,  BROOKLYN, NY"
14K449,"Brooklyn Latin School, The",Brooklyn,11206,223 GRAHAM AVENUE, BROOKLYN,NY,51.0,68,22.0,50,True,38430,False,False,40.709729,-73.9443861,"223 GRAHAM AVENUE,  BROOKLYN, NY"
14K454,Green School: An Academy for Environmental Careers,Brooklyn,11206,223 GRAHAM AVENUE, BROOKLYN,NY,59.0,68,35.0,50,True,38430,False,False,40.709729,-73.9443861,"223 GRAHAM AVENUE,  BROOKLYN, NY"
14K474,PROGRESS High School for Professional Careers,Brooklyn,11211,850 GRAND STREET, BROOKLYN,NY,54.0,68,27.0,50,True,63639,False,False,40.7119127,-73.9404248,"850 GRAND STREET,  BROOKLYN, NY"
14K477,School for Legal Studies,Brooklyn,11211,850 GRAND STREET, BROOKLYN,NY,76.0,68,71.0,50,True,63639,True,True,40.7119127,-73.9404248,"850 GRAND STREET,  BROOKLYN, NY"
14K478,"The High School for Enterprise, Business and Technology",Brooklyn,11211,850 GRAND STREET, BROOKLYN,NY,83.0,68,54.0,50,True,63639,True,True,40.7119127,-73.9404248,"850 GRAND STREET,  BROOKLYN, NY"
14K488,Brooklyn Preparatory High School,Brooklyn,11211,257 NORTH 6 STREET, BROOKLYN,NY,91.0,68,52.0,50,True,63639,True,True,40.7154923,-73.9550398,"257 NORTH 6 STREET,  BROOKLYN, NY"
14K558,Williamsburg High School for Architecture and Design,Brooklyn,11211,257 NORTH 6 STREET, BROOKLYN,NY,87.0,68,66.0,50,True,63639,True,True,40.7154923,-73.9550398,"257 NORTH 6 STREET,  BROOKLYN, NY"
14K561,Williamsburg Preparatory School,Brooklyn,11211,257 NORTH 6 STREET, BROOKLYN,NY,46.0,68,32.0,50,True,63639,False,False,40.7154923,-73.9550398,"257 NORTH 6 STREET,  BROOKLYN, NY"
14K586,Lyons Community School,Brooklyn,11206,223 GRAHAM AVENUE, BROOKLYN,NY,49.0,68,24.0,50,True,38430,False,False,40.709729,-73.9443861,"223 GRAHAM AVENUE,  BROOKLYN, NY"
14K614,Young Women's Leadership School of Brooklyn,Brooklyn,11206,325 BUSHWICK AVENUE, BROOKLYN,NY,53.0,68,27.0,50,True,38430,False,False,40.7050566,-73.9386916,"325 BUSHWICK AVENUE,  BROOKLYN, NY"
14K685,El Puente Academy for Peace and Justice,Brooklyn,11211,250 HOOPER STREET, BROOKLYN,NY,54.0,68,57.0,50,True,63639,False,True,40.7056121,-73.9555879,"250 HOOPER STREET,  BROOKLYN, NY"
15K423,Brooklyn Frontiers High School,Brooklyn,11201,112 SCHERMERHORN STREET, BROOKLYN,NY,90.0,68,70.0,50,True,176004,True,True,40.6899893,-73.9892204,"112 SCHERMERHORN STREET,  BROOKLYN, NY"
15K429,Brooklyn School for Global Studies,Brooklyn,11201,284 BALTIC STREET, BROOKLYN,NY,85.0,68,56.0,50,True,176004,True,True,40.6849801,-73.9937004,"284 BALTIC STREET,  BROOKLYN, NY"
15K448,Brooklyn Secondary School for Collaborative Studies,Brooklyn,11231,610 HENRY STREET, BROOKLYN,NY,61.0,68,42.0,50,True,141500,False,False,40.6794537,-74.0021478,"610 HENRY STREET,  BROOKLYN, NY"
15K462,Secondary School for Law,Brooklyn,11215,237 7 AVENUE, BROOKLYN,NY,61.0,68,36.0,50,True,170511,False,False,40.6693177,-73.97864109999999,"237 7 AVENUE,  BROOKLYN, NY"
15K463,Secondary School for Journalism,Brooklyn,11215,237 7 AVENUE, BROOKLYN,NY,66.0,68,41.0,50,True,170511,False,False,40.6693177,-73.97864109999999,"237 7 AVENUE,  BROOKLYN, NY"
15K464,Park Slope Collegiate,Brooklyn,11215,237 7 AVENUE, BROOKLYN,NY,73.0,68,48.0,50,True,170511,True,False,40.6693177,-73.97864109999999,"237 7 AVENUE,  BROOKLYN, NY"
15K519,Cobble Hill School of American Studies,Brooklyn,11201,347 BALTIC STREET, BROOKLYN,NY,79.0,68,63.0,50,True,176004,True,True,40.6848933,-73.99085869999999,"347 BALTIC STREET,  BROOKLYN, NY"
15K592,Khalil Gibran International Academy,Brooklyn,11217,362 SCHERMERHORN STREET, BROOKLYN,NY,70.0,68,51.0,50,True,145365,True,True,40.6859562,-73.9798394,"362 SCHERMERHORN STREET,  BROOKLYN, NY"
15K667,Sunset Park High School,Brooklyn,11232,153 35TH STREET, BROOKLYN,NY,65.0,68,43.0,50,True,58913,False,False,40.6555967,-74.004217,"153 35TH STREET,  BROOKLYN, NY"
15K684,Millennium Brooklyn HS,Brooklyn,11215,237 7 AVENUE, BROOKLYN,NY,42.0,68,20.0,50,True,170511,False,False,40.6693177,-73.97864109999999,"237 7 AVENUE,  BROOKLYN, NY"
16K393,Frederick Douglass Academy IV Secondary School,Brooklyn,11221,1014 LAFAYETTE AVENUE, BROOKLYN,NY,79.0,68,33.0,50,True,61331,True,False,40.6919757,-73.93148839999999,"1014 LAFAYETTE AVENUE,  BROOKLYN, NY"
16K455,Boys and Girls High School,Brooklyn,11213,1700 FULTON STREET, BROOKLYN,NY,62.0,68,37.0,50,True,51262,False,False,40.67892270000001,-73.9316585,"1700 FULTON STREET,  BROOKLYN, NY"
16K498,Brooklyn High School for Law and Technology,Brooklyn,11221,1396 BROADWAY, BROOKLYN,NY,43.0,68,26.0,50,True,61331,False,False,40.688414,-73.92082649999999,"1396 BROADWAY,  BROOKLYN, NY"
17K122,Pathways in Technology Early College High School (P-Tech),Brooklyn,11213,150 ALBANY AVENUE, BROOKLYN,NY,63.0,68,47.0,50,True,51262,False,False,40.6753921,-73.9391279,"150 ALBANY AVENUE,  BROOKLYN, NY"
17K382,Academy for College Preparation and Career Exploration: A College Board School,Brooklyn,11226,911 FLATBUSH AVENUE, BROOKLYN,NY,68.0,68,24.0,50,True,65178,False,False,40.64930349999999,-73.95774899999999,"911 FLATBUSH AVENUE,  BROOKLYN, NY"
17K408,Academy of Hospitality and Tourism,Brooklyn,11226,911 FLATBUSH AVENUE, BROOKLYN,NY,57.0,68,39.0,50,True,65178,False,False,40.64930349999999,-73.95774899999999,"911 FLATBUSH AVENUE,  BROOKLYN, NY"
17K524,International High School at Prospect Heights,Brooklyn,11225,883 CLASSON AVENUE, BROOKLYN,NY,55.0,68,33.0,50,True,65968,False,False,40.67004070000001,-73.96102859999999,"883 CLASSON AVENUE,  BROOKLYN, NY"
17K528,The High School for Global Citizenship,Brooklyn,11225,883 CLASSON AVENUE, BROOKLYN,NY,82.0,68,48.0,50,True,65968,True,False,40.67004070000001,-73.96102859999999,"883 CLASSON AVENUE,  BROOKLYN, NY"
17K531,"School for Human Rights, The",Brooklyn,11203,600 KINGSTON AVENUE, BROOKLYN,NY,63.0,68,30.0,50,True,68184,False,False,40.6593652,-73.9431462,"600 KINGSTON AVENUE,  BROOKLYN, NY"
17K533,School for Democracy and Leadership,Brooklyn,11203,600 KINGSTON AVENUE, BROOKLYN,NY,71.0,68,46.0,50,True,68184,True,False,40.6593652,-73.9431462,"600 KINGSTON AVENUE,  BROOKLYN, NY"
17K537,High School for Youth and Community Development at Erasmus,Brooklyn,11226,911 FLATBUSH AVENUE, BROOKLYN,NY,75.0,68,38.0,50,True,65178,True,False,40.64930349999999,-73.95774899999999,"911 FLATBUSH AVENUE,  BROOKLYN, NY"
17K539,High School for Service & Learning at Erasmus,Brooklyn,11226,911 FLATBUSH AVENUE, BROOKLYN,NY,95.0,68,89.0,50,True,65178,True,True,40.64930349999999,-73.95774899999999,"911 FLATBUSH AVENUE,  BROOKLYN, NY"
17K543,"Science, Technology and Research Early College High School at Erasmus",Brooklyn,11226,911 FLATBUSH AVENUE, BROOKLYN,NY,93.0,68,76.0,50,True,65178,True,True,40.64930349999999,-73.95774899999999,"911 FLATBUSH AVENUE,  BROOKLYN, NY"
17K546,High School for Public Service: Heroes of Tomorrow,Brooklyn,11203,600 KINGSTON AVENUE, BROOKLYN,NY,78.0,68,48.0,50,True,68184,True,False,40.6593652,-73.9431462,"600 KINGSTON AVENUE,  BROOKLYN, NY"
17K547,Brooklyn Academy of Science and the Environment,Brooklyn,11225,883 CLASSON AVENUE, BROOKLYN,NY,72.0,68,38.0,50,True,65968,True,False,40.67004070000001,-73.96102859999999,"883 CLASSON AVENUE,  BROOKLYN, NY"
17K548,Brooklyn School for Music & Theatre,Brooklyn,11225,883 CLASSON AVENUE, BROOKLYN,NY,92.0,68,72.0,50,True,65968,True,True,40.67004070000001,-73.96102859999999,"883 CLASSON AVENUE,  BROOKLYN, NY"
17K590,Medgar Evers College Preparatory School,Brooklyn,11225,1186 CARROLL STREET, BROOKLYN,NY,77.0,68,58.0,50,True,65968,True,True,40.667,-73.95101360000001,"1186 CARROLL STREET,  BROOKLYN, NY"
17K745,Brooklyn Institute for Liberal Arts,Brooklyn,11203,600 KINGSTON AVENUE, BROOKLYN,NY,71.0,68,50.0,50,True,68184,True,False,40.6593652,-73.9431462,"600 KINGSTON AVENUE,  BROOKLYN, NY"
17K751,Academy for Health Careers,Brooklyn,11213,150 ALBANY AVENUE, BROOKLYN,NY,91.0,68,77.0,50,True,51262,True,True,40.6753921,-73.9391279,"150 ALBANY AVENUE,  BROOKLYN, NY"
18K563,It Takes a Village Academy,Brooklyn,11203,5800 TILDEN AVENUE, BROOKLYN,NY,50.0,68,36.0,50,True,68184,False,False,40.6478943,-73.9228473,"5800 TILDEN AVENUE,  BROOKLYN, NY"
18K566,Brooklyn Generation School,Brooklyn,11236,6565 FLATLANDS AVENUE, BROOKLYN,NY,66.0,68,46.0,50,True,82853,False,False,40.6336811,-73.91751959999999,"6565 FLATLANDS AVENUE,  BROOKLYN, NY"
18K567,Brooklyn Theatre Arts High School,Brooklyn,11236,6565 FLATLANDS AVENUE, BROOKLYN,NY,78.0,68,47.0,50,True,82853,True,False,40.6336811,-73.91751959999999,"6565 FLATLANDS AVENUE,  BROOKLYN, NY"
18K569,Kurt Hahn Expeditionary Learning School,Brooklyn,11203,5800 TILDEN AVENUE, BROOKLYN,NY,68.0,68,56.0,50,True,68184,False,True,40.6478943,-73.9228473,"5800 TILDEN AVENUE,  BROOKLYN, NY"
18K576,Victory Collegiate High School,Brooklyn,11236,6565 FLATLANDS AVENUE, BROOKLYN,NY,55.0,68,21.0,50,True,82853,False,False,40.6336811,-73.91751959999999,"6565 FLATLANDS AVENUE,  BROOKLYN, NY"
18K589,Arts & Media Preparatory Academy,Brooklyn,11203,905 WINTHROP STREET, BROOKLYN,NY,70.0,68,51.0,50,True,68184,True,True,40.6586846,-73.9286824,"905 WINTHROP STREET,  BROOKLYN, NY"
18K617,High School for Innovation in Advertising and Media,Brooklyn,11236,1600 ROCKAWAY PARKWAY, BROOKLYN,NY,61.0,68,37.0,50,True,82853,False,False,40.640443,-73.8987798,"1600 ROCKAWAY PARKWAY,  BROOKLYN, NY"
18K629,Cultural Academy for the Arts and Sciences,Brooklyn,11203,5800 TILDEN AVENUE, BROOKLYN,NY,90.0,68,60.0,50,True,68184,True,True,40.6478943,-73.9228473,"5800 TILDEN AVENUE,  BROOKLYN, NY"
18K633,High School for Medical Professions,Brooklyn,11236,1600 ROCKAWAY PARKWAY, BROOKLYN,NY,68.0,68,40.0,50,True,82853,False,False,40.640443,-73.8987798,"1600 ROCKAWAY PARKWAY,  BROOKLYN, NY"
18K637,Academy for Conservation and the Environment,Brooklyn,11236,6565 FLATLANDS AVENUE, BROOKLYN,NY,61.0,68,46.0,50,True,82853,False,False,40.6336811,-73.91751959999999,"6565 FLATLANDS AVENUE,  BROOKLYN, NY"
18K642,Urban Action Academy,Brooklyn,11236,1600 ROCKAWAY PARKWAY, BROOKLYN,NY,80.0,68,49.0,50,True,82853,True,False,40.640443,-73.8987798,"1600 ROCKAWAY PARKWAY,  BROOKLYN, NY"
19K404,Academy for Young Writers,Brooklyn,11208,1065 ELTON STREET, BROOKLYN,NY,93.0,68,62.0,50,True,50726,True,True,40.6572453,-73.8740662,"1065 ELTON STREET,  BROOKLYN, NY"
19K502,FDNY High School for Fire and Life Safety,Brooklyn,11207,400 PENNSYLVANIA AVENUE, BROOKLYN,NY,72.0,68,26.0,50,True,51643,True,False,40.6669551,-73.89494119999999,"400 PENNSYLVANIA AVENUE,  BROOKLYN, NY"
19K504,High School for Civil Rights,Brooklyn,11207,400 PENNSYLVANIA AVENUE, BROOKLYN,NY,52.0,68,25.0,50,True,51643,False,False,40.6669551,-73.89494119999999,"400 PENNSYLVANIA AVENUE,  BROOKLYN, NY"
19K507,Performing Arts and Technology High School,Brooklyn,11207,400 PENNSYLVANIA AVENUE, BROOKLYN,NY,71.0,68,34.0,50,True,51643,True,False,40.6669551,-73.89494119999999,"400 PENNSYLVANIA AVENUE,  BROOKLYN, NY"
19K510,World Academy for Total Community Health High School,Brooklyn,11207,400 PENNSYLVANIA AVENUE, BROOKLYN,NY,58.0,68,48.0,50,True,51643,False,False,40.6669551,-73.89494119999999,"400 PENNSYLVANIA AVENUE,  BROOKLYN, NY"
19K583,Multicultural High School,Brooklyn,11208,999 JAMAICA AVENUE, BROOKLYN,NY,44.0,68,18.0,50,True,50726,False,False,40.692915,-73.8690129,"999 JAMAICA AVENUE,  BROOKLYN, NY"
19K615,Transit Tech Career and Technical Education High School,Brooklyn,11208,1 WELLS STREET, BROOKLYN,NY,64.0,68,37.0,50,True,50726,False,False,40.6788665,-73.8753066,"1 WELLS STREET,  BROOKLYN, NY"
19K618,Academy of Innovative Technology,Brooklyn,11208,999 JAMAICA AVENUE, BROOKLYN,NY,67.0,68,48.0,50,True,50726,False,False,40.692915,-73.8690129,"999 JAMAICA AVENUE,  BROOKLYN, NY"
19K639,Brooklyn Lab School,Brooklyn,11208,999 JAMAICA AVENUE, BROOKLYN,NY,53.0,68,27.0,50,True,50726,False,False,40.692915,-73.8690129,"999 JAMAICA AVENUE,  BROOKLYN, NY"
19K659,Cypress Hills Collegiate Preparatory School,Brooklyn,11208,999 JAMAICA AVENUE, BROOKLYN,NY,50.0,68,31.0,50,True,50726,False,False,40.692915,-73.8690129,"999 JAMAICA AVENUE,  BROOKLYN, NY"
19K660,W. H. Maxwell Career and Technical Education High School,Brooklyn,11207,145 PENNSYLVANIA AVENUE, BROOKLYN,NY,50.0,68,26.0,50,True,51643,False,False,40.6738372,-73.8960768,"145 PENNSYLVANIA AVENUE,  BROOKLYN, NY"
19K683,"The School for Classics: An Academy of Thinkers, Writers and Performers",Brooklyn,11208,370 FOUNTAIN AVENUE, BROOKLYN,NY,84.0,68,39.0,50,True,50726,True,False,40.6698815,-73.87434189999999,"370 FOUNTAIN AVENUE,  BROOKLYN, NY"
20K445,New Utrecht High School,Brooklyn,11214,1601 80 STREET, BROOKLYN,NY,70.0,68,54.0,50,True,64478,True,True,40.6131868,-74.0023923,"1601 80 STREET,  BROOKLYN, NY"
20K485,High School of Telecommunication Arts and Technology,Brooklyn,11220,350 67 STREET, BROOKLYN,NY,87.0,68,70.0,50,True,47150,True,True,40.63679140000001,-74.0233105,"350 67 STREET,  BROOKLYN, NY"
20K490,Fort Hamilton High School,Brooklyn,11209,8301 SHORE ROAD, BROOKLYN,NY,68.0,68,58.0,50,True,101737,False,True,40.6272269,-74.03937599999999,"8301 SHORE ROAD,  BROOKLYN, NY"
20K505,Franklin Delano Roosevelt High School,Brooklyn,11204,5800 20 AVENUE, BROOKLYN,NY,58.0,68,49.0,50,True,58848,False,False,40.6215839,-73.98231419999999,"5800 20 AVENUE,  BROOKLYN, NY"
20K609,Urban Assembly School for Criminal Justice,Brooklyn,11204,4200 16 AVENUE, BROOKLYN,NY,95.0,68,50.0,50,True,58848,True,False,40.6349179,-73.9824083,"4200 16 AVENUE,  BROOKLYN, NY"
21K337,International High School at Lafayette,Brooklyn,11214,2630 BENSON AVENUE, BROOKLYN,NY,61.0,68,41.0,50,True,64478,False,False,40.5937576,-73.9863546,"2630 BENSON AVENUE,  BROOKLYN, NY"
21K344,Rachel Carson High School for Coastal Studies,Brooklyn,11224,521 WEST AVENUE, BROOKLYN,NY,70.0,68,61.0,50,True,43584,True,True,40.58270270000001,-73.9723072,"521 WEST AVENUE,  BROOKLYN, NY"
21K348,High School of Sports Management,Brooklyn,11214,2630 BENSON AVENUE, BROOKLYN,NY,83.0,68,40.0,50,True,64478,True,False,40.5937576,-73.9863546,"2630 BENSON AVENUE,  BROOKLYN, NY"
21K410,Abraham Lincoln High School,Brooklyn,11235,2800 OCEAN PARKWAY, BROOKLYN,NY,69.0,68,52.0,50,True,71542,True,True,40.5828631,-73.9682183,"2800 OCEAN PARKWAY,  BROOKLYN, NY"
21K468,Kingsborough Early College School,Brooklyn,11214,2630 BENSON AVENUE, BROOKLYN,NY,93.0,68,86.0,50,True,64478,True,True,40.5937576,-73.9863546,"2630 BENSON AVENUE,  BROOKLYN, NY"
21K525,Edward R. Murrow High School,Brooklyn,11230,1600 AVENUE L, BROOKLYN,NY,81.0,68,67.0,50,True,66240,True,True,40.6195422,-73.9589429,"1600 AVENUE L,  BROOKLYN, NY"
21K540,John Dewey High School,Brooklyn,11223,50 AVENUE X, BROOKLYN,NY,79.0,68,56.0,50,True,65254,True,True,40.5877456,-73.9813501,"50 AVENUE X,  BROOKLYN, NY"
21K559,Life Academy High School for Film and Music,Brooklyn,11214,2630 BENSON AVENUE, BROOKLYN,NY,92.0,68,40.0,50,True,64478,True,False,40.5937576,-73.9863546,"2630 BENSON AVENUE,  BROOKLYN, NY"
21K572,Expeditionary Learning School for Community Leaders,Brooklyn,11214,2630 BENSON AVENUE, BROOKLYN,NY,81.0,68,64.0,50,True,64478,True,True,40.5937576,-73.9863546,"2630 BENSON AVENUE,  BROOKLYN, NY"
21K620,William E. Grady Career and Technical Education High School,Brooklyn,11235,25 BRIGHTON 4TH ROAD, BROOKLYN,NY,57.0,68,27.0,50,True,71542,False,False,40.5829591,-73.96344289999999,"25 BRIGHTON 4TH ROAD,  BROOKLYN, NY"
21K690,Brooklyn Studio Secondary School,Brooklyn,11214,8310 21ST AVENUE, BROOKLYN,NY,78.0,68,55.0,50,True,64478,True,True,40.6048465,-73.9947464,"8310 21ST AVENUE,  BROOKLYN, NY"
22K405,Midwood High School,Brooklyn,11210,2839 BEDFORD AVENUE, BROOKLYN,NY,89.0,68,74.0,50,True,80453,True,True,40.6331465,-73.9523633,"2839 BEDFORD AVENUE,  BROOKLYN, NY"
22K425,James Madison High School,Brooklyn,11229,3787 BEDFORD AVENUE, BROOKLYN,NY,76.0,68,63.0,50,True,81481,True,True,40.6106252,-73.94737099999999,"3787 BEDFORD AVENUE,  BROOKLYN, NY"
22K535,Leon M. Goldstein High School for the Sciences,Brooklyn,11235,1830 SHORE BOULEVARD, BROOKLYN,NY,96.0,68,91.0,50,True,71542,True,True,40.5807237,-73.93502099999999,"1830 SHORE BOULEVARD,  BROOKLYN, NY"
22K555,Brooklyn College Academy,Brooklyn,11218,350 CONEY ISLAND AVENUE, BROOKLYN,NY,99.0,68,90.0,50,True,80422,True,True,40.6492022,-73.9718961,"350 CONEY ISLAND AVENUE,  BROOKLYN, NY"
23K493,Brooklyn Collegiate: A College Board School,Brooklyn,11233,2021 BERGEN STREET, BROOKLYN,NY,56.0,68,40.0,50,True,48545,False,False,40.67451399999999,-73.9132942,"2021 BERGEN STREET,  BROOKLYN, NY"
23K514,Frederick Douglass Academy VII High School,Brooklyn,11212,226 BRISTOL STREET, BROOKLYN,NY,53.0,68,37.0,50,True,41115,False,False,40.6654883,-73.91205409999999,"226 BRISTOL STREET,  BROOKLYN, NY"
23K697,Teachers Preparatory High School,Brooklyn,11212,226 BRISTOL STREET, BROOKLYN,NY,67.0,68,47.0,50,True,41115,False,False,40.6654883,-73.91205409999999,"226 BRISTOL STREET,  BROOKLYN, NY"
24Q264,Academy of Finance and Enterprise,Queens,11101,30-20 THOMSON AVENUE, QUEENS,NY,91.0,71,73.0,56,True,82636,True,True,40.7449019,-73.9368178,"30-20 THOMSON AVENUE,  QUEENS, NY"
24Q267,High School of Applied Communication,Queens,11101,30-20 THOMSON AVENUE, QUEENS,NY,70.0,71,52.0,56,True,82636,False,False,40.7449019,-73.9368178,"30-20 THOMSON AVENUE,  QUEENS, NY"
24Q293,Civic Leadership Academy,Queens,11373,45-10 94TH STREET, QUEENS,NY,80.0,71,81.0,56,True,58918,True,True,40.7434324,-73.8714707,"45-10 94TH STREET,  QUEENS, NY"
24Q296,Pan American International High School,Queens,11373,45-10 94TH STREET, QUEENS,NY,50.0,71,27.0,56,True,58918,False,False,40.7434324,-73.8714707,"45-10 94TH STREET,  QUEENS, NY"
24Q299,Bard High School Early College Queens,Queens,11101,30-20 THOMSON AVENUE, QUEENS,NY,99.0,71,86.0,56,True,82636,True,True,40.7449019,-73.9368178,"30-20 THOMSON AVENUE,  QUEENS, NY"
24Q455,Newtown High School,Queens,11373,48-01 90 STREET, QUEENS,NY,65.0,71,40.0,56,True,58918,False,False,40.7408346,-73.8739962,"48-01 90 STREET,  QUEENS, NY"
24Q485,Grover Cleveland High School,Queens,11385,21-27 HIMROD STREET, QUEENS,NY,58.0,71,38.0,56,True,76414,False,False,40.7116318,-73.9091661,"21-27 HIMROD STREET,  QUEENS, NY"
24Q520,Middle College High School at LaGuardia Community College,Queens,11101,45-35 VAN DAM STREET, QUEENS,NY,70.0,71,50.0,56,True,82636,False,False,40.7433295,-73.9333269,"45-35 VAN DAM STREET,  QUEENS, NY"
24Q530,International High School at LaGuardia Community College,Queens,11101,45-35 VAN DAM STREET, QUEENS,NY,82.0,71,64.0,56,True,82636,True,True,40.7433295,-73.9333269,"45-35 VAN DAM STREET,  QUEENS, NY"
24Q550,High School for Arts and Business,Queens,11368,105-25 HORACE HARDING EXPY N, QUEENS,NY,85.0,71,58.0,56,True,51779,True,True,40.7377781,-73.85339259999999,"105-25 HORACE HARDING EXPY N,  QUEENS, NY"
24Q560,"Robert F. Wagner, Jr. Secondary School for Arts and Technology",Queens,11101,47-07 30TH PLACE, QUEENS,NY,82.0,71,73.0,56,True,82636,True,True,40.7414459,-73.9369871,"47-07 30TH PLACE,  QUEENS, NY"
24Q600,Queens Vocational and Technical High School,Queens,11101,37-02 47 AVENUE, QUEENS,NY,80.0,71,62.0,56,True,82636,True,True,40.7419393,-73.9279577,"37-02 47 AVENUE,  QUEENS, NY"
24Q610,Aviation Career & Technical Education High School,Queens,11101,45-30 36 STREET, QUEENS,NY,94.0,71,82.0,56,True,82636,True,True,40.743581,-73.9292176,"45-30 36 STREET,  QUEENS, NY"
25Q252,"Queens School of Inquiry, The",Queens,11366,158-40 76 ROAD, QUEENS,NY,93.0,71,86.0,56,True,93913,True,True,40.724191,-73.80937,"158-40 76 ROAD,  QUEENS, NY"
25Q263,Flushing International High School,Queens,11355,144-80 BARCLAY AVENUE, QUEENS,NY,69.0,71,58.0,56,True,45619,False,True,40.7603435,-73.81790869999999,"144-80 BARCLAY AVENUE,  QUEENS, NY"
25Q281,East-West School of International Studies,Queens,11355,46-21 COLDEN STREET, QUEENS,NY,92.0,71,80.0,56,True,45619,True,True,40.749226,-73.82123109999999,"46-21 COLDEN STREET,  QUEENS, NY"
25Q285,World Journalism Preparatory: A College Board School,Queens,11358,34-65 192 STREET, QUEENS,NY,95.0,71,80.0,56,True,78357,True,True,40.7650434,-73.7896124,"34-65 192 STREET,  QUEENS, NY"
25Q425,John Bowne High School,Queens,11367,63-25 MAIN STREET, QUEENS,NY,66.0,71,51.0,56,True,72975,False,False,40.7383491,-73.82398640000001,"63-25 MAIN STREET,  QUEENS, NY"
25Q460,Flushing High School,Queens,11354,35-01 UNION STREET, QUEENS,NY,57.0,71,39.0,56,True,47405,False,False,40.76477140000001,-73.8263806,"35-01 UNION STREET,  QUEENS, NY"
25Q525,Townsend Harris High School,Queens,11367,149-11 MELBOURNE AVENUE, QUEENS,NY,100.0,71,100.0,56,True,72975,True,True,40.7351803,-73.8212289,"149-11 MELBOURNE AVENUE,  QUEENS, NY"
25Q670,Robert F. Kennedy Community High School,Queens,11366,75-40 PARSONS BOULEVARD, QUEENS,NY,82.0,71,65.0,56,True,93913,True,True,40.7253501,-73.8113254,"75-40 PARSONS BOULEVARD,  QUEENS, NY"
26Q415,Benjamin N. Cardozo High School,Queens,11364,57-00 223RD STREET, BAYSIDE,NY,84.0,71,76.0,56,True,98424,True,True,40.7516441,-73.756958,"57-00 223RD STREET,  BAYSIDE, NY"
26Q430,Francis Lewis High School,Queens,11365,58-20 UTOPIA PARKWAY, QUEENS,NY,86.0,71,74.0,56,True,75409,True,True,40.7404652,-73.79360919999999,"58-20 UTOPIA PARKWAY,  QUEENS, NY"
26Q435,Martin Van Buren High School,Queens,11427,230-17 HILLSIDE AVENUE, QUEENS,NY,54.0,71,45.0,56,True,96292,False,False,40.7336309,-73.7391435,"230-17 HILLSIDE AVENUE,  QUEENS, NY"
26Q495,Bayside High School,Queens,11361,32-24 CORPORAL KENNEDY STREET, QUEENS,NY,91.0,71,79.0,56,True,97203,True,True,40.771482,-73.78080709999999,"32-24 CORPORAL KENNEDY STREET,  QUEENS, NY"
26Q566,"Queens High School of Teaching, Liberal Arts and the Sciences",Queens,11426,74-20 COMMONWEALTH BLVD, QUEENS,NY,90.0,71,74.0,56,True,115136,True,True,40.7444247,-73.72893789999999,"74-20 COMMONWEALTH BLVD,  QUEENS, NY"
27Q260,Frederick Douglass Academy VI High School,Queens,11691,8-21 BAY 25 STREET, QUEENS,NY,59.0,71,38.0,56,True,61360,False,False,40.601532,-73.76397899999999,"8-21 BAY 25 STREET,  QUEENS, NY"
27Q262,Channel View School for Research,Queens,11694,100-00 BEACH CHANNEL DRIVE, QUEENS,NY,97.0,71,66.0,56,True,111046,True,True,40.5866656,-73.8234351,"100-00 BEACH CHANNEL DRIVE,  QUEENS, NY"
27Q302,"Queens High School for Information, Research, and Technology",Queens,11691,8-21 BAY 25 STREET, QUEENS,NY,72.0,71,28.0,56,True,61360,True,False,40.601532,-73.76397899999999,"8-21 BAY 25 STREET,  QUEENS, NY"
27Q308,Robert H. Goddard High School of Communication Arts and Technology,Queens,11417,138-30 LAFAYETTE STREET, QUEENS,NY,95.0,71,72.0,56,True,85046,True,True,40.671035,-73.8456739,"138-30 LAFAYETTE STREET,  QUEENS, NY"
27Q309,Academy of Medical Technology: A College Board School,Queens,11691,8-21 BAY 25 STREET, QUEENS,NY,59.0,71,55.0,56,True,61360,False,False,40.601532,-73.76397899999999,"8-21 BAY 25 STREET,  QUEENS, NY"
27Q323,Scholars' Academy,Queens,11694,320 BEACH 104TH STREET, QUEENS,NY,100.0,71,98.0,56,True,111046,True,True,40.5842722,-73.8250892,"320 BEACH 104TH STREET,  QUEENS, NY"
27Q324,Rockaway Park High School for Environmental Sustainability,Queens,11694,100-00 BEACH CHANNEL DRIVE, QUEENS,NY,57.0,71,50.0,56,True,111046,False,False,40.5866656,-73.8234351,"100-00 BEACH CHANNEL DRIVE,  QUEENS, NY"
27Q400,August Martin High School,Queens,11434,156-10 BAISLEY BOULEVARD, QUEENS,NY,40.0,71,24.0,56,True,81641,False,False,40.6751577,-73.7832722,"156-10 BAISLEY BOULEVARD,  QUEENS, NY"
27Q475,Richmond Hill High School,Queens,11418,89-30 114 STREET, QUEENS,NY,52.0,71,36.0,56,True,72047,False,False,40.6949961,-73.8339115,"89-30 114 STREET,  QUEENS, NY"
27Q480,John Adams High School,Queens,11417,101-01 ROCKAWAY BOULEVARD, QUEENS,NY,55.0,71,34.0,56,True,85046,False,False,40.6786025,-73.8369699,"101-01 ROCKAWAY BOULEVARD,  QUEENS, NY"
27Q650,"High School for Construction Trades, Engineering and Architecture",Queens,11416,94-06 104TH STREET, QUEENS,NY,95.0,71,74.0,56,True,75471,True,True,40.6892738,-73.8412316,"94-06 104TH STREET,  QUEENS, NY"
28Q284,York Early College Academy,Queens,11433,108-35 167 STREET, QUEENS,NY,96.0,71,86.0,56,True,65591,True,True,40.697147,-73.7864872,"108-35 167 STREET,  QUEENS, NY"
28Q310,Queens Collegiate: A College Board School,Queens,11432,167-01 GOTHIC DRIVE, JAMAICA,NY,80.0,71,68.0,56,True,67198,True,True,40.71443319999999,-73.79825240000001,"167-01 GOTHIC DRIVE,  JAMAICA, NY"
28Q325,Hillside Arts & Letters Academy,Queens,11432,167-01 GOTHIC DRIVE, JAMAICA,NY,83.0,71,50.0,56,True,67198,True,False,40.71443319999999,-73.79825240000001,"167-01 GOTHIC DRIVE,  JAMAICA, NY"
28Q328,High School for Community Leadership,Queens,11432,167-01 GOTHIC DRIVE, JAMAICA,NY,82.0,71,50.0,56,True,67198,True,False,40.71443319999999,-73.79825240000001,"167-01 GOTHIC DRIVE,  JAMAICA, NY"
28Q350,Jamaica Gateway to the Sciences,Queens,11432,167-01 GOTHIC DRIVE, JAMAICA,NY,82.0,71,78.0,56,True,67198,True,True,40.71443319999999,-73.79825240000001,"167-01 GOTHIC DRIVE,  JAMAICA, NY"
28Q440,Forest Hills High School,Queens,11375,67-01 110 STREET, QUEENS,NY,84.0,71,72.0,56,True,109994,True,True,40.7298471,-73.8446293,"67-01 110 STREET,  QUEENS, NY"
28Q505,Hillcrest High School,Queens,11432,160-05 HIGHLAND AVENUE, QUEENS,NY,74.0,71,60.0,56,True,67198,True,True,40.7095227,-73.80247159999999,"160-05 HIGHLAND AVENUE,  QUEENS, NY"
28Q620,Thomas A. Edison Career and Technical Education High School,Queens,11432,165-65 84 AVENUE, QUEENS,NY,88.0,71,67.0,56,True,67198,True,True,40.7162107,-73.7988039,"165-65 84 AVENUE,  QUEENS, NY"
28Q680,Queens Gateway to Health Sciences Secondary School,Queens,11432,160-20 GOETHALS AVENUE, QUEENS,NY,95.0,71,91.0,56,True,67198,True,True,40.7184754,-73.8059729,"160-20 GOETHALS AVENUE,  QUEENS, NY"
28Q686,QUEENS METROPOLITAN HIGH SCHOOL,Queens,11375,91-30 METROPOLITAN AVENUE, QUEENS,NY,89.0,71,50.0,56,True,109994,True,False,40.7088482,-73.8558219,"91-30 METROPOLITAN AVENUE,  QUEENS, NY"
28Q687,Queens High School for the Sciences at York College,Queens,11433,94-50 159 STREET, QUEENS,NY,100.0,71,89.0,56,True,65591,True,True,40.7009286,-73.7983153,"94-50 159 STREET,  QUEENS, NY"
28Q690,High School for Law Enforcement and Public Safety,Queens,11434,116-25 GUY R BREWER BOULEVARD, QUEENS,NY,74.0,71,50.0,56,True,81641,True,False,40.685904,-73.78335919999999,"116-25 GUY R BREWER BOULEVARD,  QUEENS, NY"
28Q896,"Young Women's Leadership School, Queens",Queens,11432,150-91 87 ROAD, QUEENS,NY,85.0,71,79.0,56,True,67198,True,True,40.7084525,-73.8041807,"150-91 87 ROAD,  QUEENS, NY"
29Q243,Institute for Health Professions at Cambria Heights,Queens,11411,207- 01 116TH AVENUE, QUEENS,NY,68.0,68,38.0,50,True,113769,False,False,40.6983284,-73.7461497,"207- 01 116TH AVENUE,  QUEENS, NY"
29Q259,Pathways College Preparatory School: A College Board School,Queens,11412,109-89 204 STREET, QUEENS,NY,66.0,71,32.0,56,True,94103,False,False,40.7057537,-73.7527082,"109-89 204 STREET,  QUEENS, NY"
29Q265,Excelsior Preparatory High School,Queens,11413,143-10 SPRINGFIELD BOULEVARD, QUEENS,NY,81.0,71,59.0,56,True,99229,True,True,40.6675872,-73.75817420000001,"143-10 SPRINGFIELD BOULEVARD,  QUEENS, NY"
29Q272,George Washington Carver High School for the Sciences,Queens,11413,143-10 SPRINGFIELD BOULEVARD, QUEENS,NY,85.0,71,49.0,56,True,99229,True,False,40.6675872,-73.75817420000001,"143-10 SPRINGFIELD BOULEVARD,  QUEENS, NY"
29Q283,Preparatory Academy for Writers: A College Board School,Queens,11413,143-10 SPRINGFIELD BOULEVARD, QUEENS,NY,84.0,71,56.0,56,True,99229,True,False,40.6675872,-73.75817420000001,"143-10 SPRINGFIELD BOULEVARD,  QUEENS, NY"
29Q313,Benjamin Franklin High School for Finance & Information Technology,Queens,11411,207- 01 116TH AVENUE, QUEENS,NY,81.0,71,54.0,56,True,113769,True,False,40.6983284,-73.7461497,"207- 01 116TH AVENUE,  QUEENS, NY"
29Q327,Eagle Academy for Young Men III,Queens,11434,171-10 LINDEN BOULEVARD, QUEENS,NY,80.0,71,50.0,56,True,81641,True,False,40.691249,-73.7784977,"171-10 LINDEN BOULEVARD,  QUEENS, NY"
29Q498,Humanities & Arts Magnet High School,Queens,11411,207- 01 116TH AVENUE, QUEENS,NY,66.0,71,50.0,56,True,113769,False,False,40.6983284,-73.7461497,"207- 01 116TH AVENUE,  QUEENS, NY"
30Q258,Energy Tech High School,Queens,11106,36-41 28 STREET, QUEENS,NY,78.0,71,49.0,56,True,78526,True,False,40.75647,-73.9326361,"36-41 28 STREET,  QUEENS, NY"
30Q301,Academy for Careers in Television and Film,Queens,11101,1-50 51ST AVENUE, QUEENS,NY,94.0,71,90.0,56,True,82636,True,True,40.7435115,-73.9590975,"1-50 51ST AVENUE,  QUEENS, NY"
30Q445,William Cullen Bryant High School,Queens,11103,48-10 31 AVENUE, QUEENS,NY,96.0,71,76.0,56,True,81250,True,True,40.7576896,-73.91037779999999,"48-10 31 AVENUE,  QUEENS, NY"
30Q450,Long Island City High School,Queens,11106,14-30 BROADWAY, QUEENS,NY,69.0,71,46.0,56,True,78526,False,False,40.7654697,-73.93305289999999,"14-30 BROADWAY,  QUEENS, NY"
30Q501,Frank Sinatra School of the Arts High School,Queens,11106,35-12 35TH AVENUE, QUEENS,NY,63.0,71,43.0,56,True,78526,False,False,40.756089,-73.9251031,"35-12 35TH AVENUE,  QUEENS, NY"
30Q502,Information Technology High School,Queens,11101,21-16 44TH ROAD, QUEENS,NY,98.0,71,80.0,56,True,82636,True,True,40.7485509,-73.94641399999999,"21-16 44TH ROAD,  QUEENS, NY"
30Q555,Newcomers High School,Queens,11101,28-01 41 AVENUE, QUEENS,NY,68.0,71,49.0,56,True,82636,False,False,40.7514381,-73.93685909999999,"28-01 41 AVENUE,  QUEENS, NY"
30Q575,Academy of American Studies,Queens,11101,28-04 41 AVENUE, LONG ISLAND CITY,NY,62.0,71,51.0,56,True,82636,False,False,40.7512453,-73.93746949999999,"28-04 41 AVENUE,  LONG ISLAND CITY, NY"
30Q580,Baccalaureate School for Global Education,Queens,11106,34-12 36 AVENUE, QUEENS,NY,89.0,71,91.0,56,True,78526,True,True,40.7550475,-73.9269635,"34-12 36 AVENUE,  QUEENS, NY"
31R047,CSI High School for International Studies,Staten Island,10314,100 ESSEX DRIVE, STATEN ISLAND,NY,98.0,71,98.0,56,True,107154,True,True,40.5819983,-74.1585856,"100 ESSEX DRIVE,  STATEN ISLAND, NY"
31R064,Gaynor McCown Expeditionary Learning School,Staten Island,10314,100 ESSEX DRIVE, STATEN ISLAND,NY,90.0,78,88.0,60,True,107154,True,True,40.5819983,-74.1585856,"100 ESSEX DRIVE,  STATEN ISLAND, NY"
31R080,The Michael J. Petrides School,Staten Island,10301,715 OCEAN TERRACE, STATEN ISLAND,NY,91.0,78,62.0,60,True,82267,True,True,40.608634,-74.10509290000002,"715 OCEAN TERRACE,  STATEN ISLAND, NY"
31R440,New Dorp High School,Staten Island,10306,465 NEW DORP LANE, STATEN ISLAND,NY,91.0,78,79.0,60,True,96131,True,True,40.5695781,-74.1073767,"465 NEW DORP LANE,  STATEN ISLAND, NY"
31R445,Port Richmond High School,Staten Island,10302,85 ST JOSEPHS AVENUE, STATEN ISLAND,NY,78.0,78,54.0,60,True,93750,False,False,40.634843,-74.142015,"85 ST JOSEPHS AVENUE,  STATEN ISLAND, NY"
31R450,Curtis High School,Staten Island,10301,105 HAMILTON AVENUE, STATEN ISLAND,NY,67.0,78,43.0,60,True,82267,False,False,40.645186,-74.0816561,"105 HAMILTON AVENUE,  STATEN ISLAND, NY"
31R455,Tottenville High School,Staten Island,10312,100 LUTEN AVENUE, STATEN ISLAND,NY,80.0,78,56.0,60,True,113327,True,False,40.5281992,-74.19335219999999,"100 LUTEN AVENUE,  STATEN ISLAND, NY"
31R460,Susan E. Wagner High School,Staten Island,10314,1200 MANOR ROAD, STATEN ISLAND,NY,85.0,78,66.0,60,True,107154,True,True,40.5974853,-74.12491360000001,"1200 MANOR ROAD,  STATEN ISLAND, NY"
31R600,Ralph R. McKee Career and Technical Education High School,Staten Island,10301,290 ST MARKS PLACE, STATEN ISLAND,NY,84.0,78,70.0,60,True,82267,True,True,40.6430342,-74.0794093,"290 ST MARKS PLACE,  STATEN ISLAND, NY"
31R605,Staten Island Technical High School,Staten Island,10306,485 CLAWSON STREET, STATEN ISLAND,NY,75.0,78,42.0,60,True,96131,False,False,40.5683398,-74.1170222,"485 CLAWSON STREET,  STATEN ISLAND, NY"
32K168,The Brooklyn School for Math and Research,Brooklyn,11237,400 IRVING AVENUE, BROOKLYN,NY,100.0,78,99.0,60,True,43640,True,True,40.6967365,-73.9120081,"400 IRVING AVENUE,  BROOKLYN, NY"
32K545,EBC High School for Public Service - Bushwick,Brooklyn,11221,1155 DEKALB AVENUE, BROOKLYN,NY,62.0,68,36.0,50,True,61331,False,False,40.69471679999999,-73.929277,"1155 DEKALB AVENUE,  BROOKLYN, NY"
32K549,Bushwick School for Social Justice,Brooklyn,11237,400 IRVING AVENUE, BROOKLYN,NY,59.0,68,53.0,50,True,43640,False,True,40.6967365,-73.9120081,"400 IRVING AVENUE,  BROOKLYN, NY"
32K552,Academy of Urban Planning,Brooklyn,11237,400 IRVING AVENUE, BROOKLYN,NY,69.0,68,31.0,50,True,43640,True,False,40.696,73.911,"400 IRVING AVENUE,  BROOKLYN, NY"
32K554,All City Leadership Secondary School,Brooklyn,11237,321 PALMETTO STREET, BROOKLYN,NY,48.0,68,31.0,50,True,43640,False,False,40.697,73.913,"321 PALMETTO STREET,  BROOKLYN, NY"
32K556,Bushwick Leaders High School for Academic Excellence,Brooklyn,11221,797 BUSHWICK AVENUE, BROOKLYN,NY,94.0,68,74.0,50,True,61331,True,True,40.695,73.927,"797 BUSHWICK AVENUE,  BROOKLYN, NY"
